YEAR,MONTH,DAY,HOUR,MINUTE,SECOND,FLAG
2021,5,1,8,2,46,1
2021,5,1,8,7,42,1
2021,5,1,8,12,37,1
2021,5,1,8,18,11,1
2021,5,1,8,22,45,1
2021,5,1,8,27,44,1
2021,5,1,8,32,42,1
2021,5,1,8,37,38,1
2021,5,1,8,42,57,1
2021,5,1,8,47,42,1
2021,5,1,8,53,8,1
2021,5,1,9,3,22,1
2021,5,1,9,8,38,1
2021,5,1,9,13,22,1
2021,5,1,9,18,30,1
2021,5,1,9,23,33,1
2021,5,1,9,28,11,1
2021,5,1,9,33,39,1
2021,5,1,9,38,33,1
2021,5,1,9,43,31,1
2021,5,1,9,48,28,1
2021,5,1,9,54,4,1
2021,5,1,10,1,48,1
2021,5,1,10,7,31,1
2021,5,1,10,12,33,1
2021,5,1,10,17,33,1
2021,5,1,10,22,21,1
2021,5,1,10,28,16,1
2021,5,1,10,32,48,1
2021,5,1,10,37,55,1
2021,5,1,10,43,8,1
2021,5,1,10,47,50,1
2021,5,1,10,53,5,1
2021,5,1,11,2,38,1
2021,5,1,11,7,38,1
2021,5,1,11,12,28,1
2021,5,1,11,17,38,1
2021,5,1,11,22,34,1
2021,5,1,11,27,34,1
2021,5,1,11,32,39,1
2021,5,1,11,37,39,1
2021,5,1,11,42,34,1
2021,5,1,11,48,1,1
2021,5,1,11,52,49,1
2021,5,1,12,2,39,1
2021,5,1,12,7,36,1
2021,5,1,12,12,43,1
2021,5,1,12,17,43,1
2021,5,1,12,22,40,1
2021,5,1,12,27,37,1
2021,5,1,12,33,48,1
2021,5,1,12,38,16,1
2021,5,1,12,42,57,1
2021,5,1,12,47,52,1
2021,5,1,12,52,51,1
2021,5,1,13,3,9,1
2021,5,1,13,8,17,1
2021,5,1,13,13,20,1
2021,5,1,13,18,17,1
2021,5,1,13,23,24,1
2021,5,1,13,28,19,1
2021,5,1,13,33,23,1
2021,5,1,13,38,24,1
2021,5,1,13,43,27,1
2021,5,1,13,48,26,1
2021,5,1,13,53,39,1
2021,5,1,14,2,36,1
2021,5,1,14,7,31,1
2021,5,1,14,11,45,1
2021,5,1,14,18,24,1
2021,5,1,14,23,16,1
2021,5,1,14,31,12,1
2021,5,1,14,36,32,1
2021,5,1,14,41,21,1
2021,5,1,14,46,40,1
2021,5,1,14,51,32,1
2021,5,1,15,3,19,1
2021,5,1,15,7,34,1
2021,5,1,15,12,57,1
2021,5,1,15,17,24,1
2021,5,1,15,22,54,1
2021,5,1,15,27,39,1
2021,5,1,15,32,49,1
2021,5,1,15,38,1,1
2021,5,1,15,42,48,1
2021,5,1,15,47,41,1
2021,5,1,15,53,30,1
2021,5,1,16,2,27,1
2021,5,1,16,7,35,1
2021,5,2,8,19,9,1
2021,5,2,8,27,39,1
2021,5,2,8,32,15,1
2021,5,2,8,37,20,1
2021,5,2,8,42,24,1
2021,5,2,8,47,39,1
2021,5,2,8,52,27,1
2021,5,2,9,2,56,1
2021,5,2,9,8,8,1
2021,5,2,9,13,46,1
2021,5,2,9,18,4,1
2021,5,2,9,23,15,1
2021,5,2,9,28,8,1
2021,5,2,9,33,24,1
2021,5,2,9,38,11,1
2021,5,2,9,43,21,1
2021,5,2,9,48,21,1
2021,5,2,9,53,20,1
2021,5,2,10,2,28,1
2021,5,2,10,7,48,1
2021,5,2,10,12,47,1
2021,5,2,10,17,45,1
2021,5,2,10,22,53,1
2021,5,2,10,27,55,1
2021,5,2,10,32,58,1
2021,5,2,10,38,4,1
2021,5,2,10,41,39,1
2021,5,2,10,47,43,1
2021,5,2,10,53,30,1
2021,5,2,11,0,37,1
2021,5,2,11,8,10,1
2021,5,2,11,13,14,1
2021,5,2,11,18,40,1
2021,5,2,11,23,13,1
2021,5,2,11,28,21,1
2021,5,2,11,33,24,1
2021,5,2,11,38,38,1
2021,5,2,11,43,34,1
2021,5,2,11,48,25,1
2021,5,2,11,54,25,1
2021,5,2,12,2,59,1
2021,5,2,12,8,30,1
2021,5,2,12,13,35,1
2021,5,2,12,18,34,1
2021,5,2,12,23,12,1
2021,5,2,12,28,33,1
2021,5,2,12,38,36,1
2021,5,2,12,43,55,1
2021,5,2,12,49,23,1
2021,5,2,12,54,11,1
2021,5,2,13,2,27,1
2021,5,2,13,7,43,1
2021,5,2,13,12,11,1
2021,5,2,13,21,49,1
2021,5,2,13,26,28,1
2021,5,2,13,31,32,1
2021,5,2,13,36,32,1
2021,5,2,13,41,38,1
2021,5,2,13,46,28,1
2021,5,2,13,51,31,1
2021,5,2,14,2,54,1
2021,5,2,14,7,31,1
2021,5,2,14,12,53,1
2021,5,2,14,18,38,1
2021,5,2,14,23,48,1
2021,5,2,14,28,4,1
2021,5,2,14,33,30,1
2021,5,2,14,43,32,1
2021,5,2,14,48,35,1
2021,5,2,14,53,47,1
2021,5,2,15,2,36,1
2021,5,2,15,7,48,1
2021,5,2,15,12,58,1
2021,5,2,15,17,29,1
2021,5,2,15,22,45,1
2021,5,2,15,27,53,1
2021,5,2,15,32,33,1
2021,5,2,15,37,9,1
2021,5,2,15,43,52,1
2021,5,2,15,51,55,1
2021,5,2,15,57,9,1
2021,5,2,16,2,3,1
2021,5,2,16,8,51,1
2021,5,2,16,14,4,1
2021,5,2,16,18,39,1
2021,5,2,16,24,25,1
2021,5,2,16,29,27,1
2021,5,2,16,33,58,1
2021,5,3,11,7,27,1
2021,5,3,11,12,9,1
2021,5,3,11,48,1,1
2021,5,3,12,22,48,1
2021,5,3,12,37,49,1
2021,5,3,12,42,53,1
2021,5,3,12,52,31,1
2021,5,3,13,12,36,1
2021,5,3,13,23,12,1
2021,5,3,13,28,0,1
2021,5,3,13,42,30,1
2021,5,3,13,47,58,1
2021,5,3,14,42,53,1
2021,5,3,15,7,33,1
2021,5,3,15,17,38,1
2021,5,3,15,51,51,1
2021,5,3,16,12,38,1
2021,5,3,16,17,44,1
2021,5,3,16,22,39,1
2021,5,3,16,32,48,1
2021,5,3,16,42,51,1
2021,5,3,16,47,53,1
2021,5,3,16,52,27,1
2021,5,4,8,51,38,1
2021,5,4,8,56,44,1
2021,5,4,9,17,45,1
2021,5,4,9,28,2,1
2021,5,4,9,33,11,1
2021,5,4,9,42,57,1
2021,5,4,9,48,45,1
2021,5,4,9,53,29,1
2021,5,4,10,2,33,1
2021,5,4,10,42,30,1
2021,5,4,14,17,40,1
2021,5,4,14,22,50,1
2021,5,4,14,27,39,1
2021,5,4,14,33,27,1
2021,5,4,14,38,4,1
2021,5,4,14,42,51,1
2021,5,4,14,47,51,1
2021,5,4,14,53,16,1
2021,5,4,15,2,41,1
2021,5,4,15,7,7,1
2021,5,4,15,12,40,1
2021,5,4,15,33,5,1
2021,5,4,15,38,21,1
2021,5,4,15,43,4,1
2021,5,4,15,48,4,1
2021,5,4,15,53,6,1
2021,5,4,16,2,33,1
2021,5,4,16,7,27,1
2021,5,4,16,12,40,1
2021,5,4,16,17,41,1
2021,5,4,16,22,34,1
2021,5,4,16,25,24,1
2021,5,4,16,34,14,1
2021,5,4,16,39,21,1
2021,5,4,16,44,38,1
2021,5,4,16,49,36,1
2021,5,4,16,54,38,1
2021,5,4,17,2,30,1
2021,5,5,10,3,2,1
2021,5,5,10,19,51,1
2021,5,5,11,1,59,1
2021,5,5,11,18,49,1
2021,5,5,11,25,12,1
2021,5,5,11,28,18,1
2021,5,5,12,26,41,1
2021,5,5,12,44,54,1
2021,5,5,12,54,15,1
2021,5,5,13,38,34,1
2021,5,5,13,43,37,1
2021,5,5,13,48,32,1
2021,5,5,13,53,46,1
2021,5,5,14,1,33,1
2021,5,13,10,3,20,1
2021,5,13,10,8,20,1
2021,5,13,10,13,44,1
2021,5,13,10,17,21,1
2021,5,13,10,54,33,1
2021,5,13,11,2,33,1
2021,5,13,11,7,32,1
2021,5,13,11,12,37,1
2021,5,13,11,17,46,1
2021,5,13,11,22,47,1
2021,5,13,11,27,23,1
2021,5,13,11,32,30,1
2021,5,13,11,38,50,1
2021,5,13,11,54,9,1
2021,5,13,12,2,32,1
2021,5,13,12,5,48,1
2021,5,13,12,16,53,1
2021,5,13,12,22,22,1
2021,5,13,12,27,10,1
2021,5,13,12,37,18,1
2021,5,13,12,42,43,1
2021,5,13,12,47,48,1
2021,5,13,12,52,50,1
2021,5,13,13,2,33,1
2021,5,13,13,7,35,1
2021,5,13,13,12,40,1
2021,5,13,13,17,47,1
2021,5,13,13,22,59,1
2021,5,13,13,27,49,1
2021,5,13,13,32,54,1
2021,5,13,13,38,8,1
2021,5,13,13,43,4,1
2021,5,13,13,48,19,1
2021,5,13,13,53,13,1
2021,5,13,14,2,32,1
2021,5,13,14,7,38,1
2021,5,13,14,12,59,1
2021,5,13,14,17,37,1
2021,5,13,14,22,56,1
2021,5,13,14,27,29,1
2021,5,13,14,37,56,1
2021,5,13,14,42,59,1
2021,5,13,14,48,0,1
2021,5,13,14,53,2,1
2021,5,13,15,1,45,1
2021,5,13,15,8,3,1
2021,5,13,15,12,55,1
2021,5,13,15,18,4,1
2021,5,13,15,23,16,1
2021,5,13,15,28,5,1
2021,5,13,15,33,3,1
2021,5,13,17,11,4,1
2021,5,16,8,34,15,1
2021,5,16,8,38,54,1
2021,5,16,8,44,30,1
2021,5,16,8,54,43,1
2021,5,16,9,2,28,1
2021,5,16,9,6,55,1
2021,5,16,9,12,52,1
2021,5,16,9,18,13,1
2021,5,16,9,23,22,1
2021,5,16,9,28,18,1
2021,5,16,9,33,24,1
2021,5,16,9,44,10,1
2021,5,16,9,49,33,1
2021,5,16,9,54,14,1
2021,5,16,10,13,43,1
2021,5,16,10,18,50,1
2021,5,16,10,29,59,1
2021,5,16,10,34,36,1
2021,5,16,10,39,28,1
2021,5,16,10,44,27,0
2021,5,16,10,49,43,1
2021,5,16,10,54,30,1
2021,5,16,11,21,54,1
2021,5,16,11,32,14,1
2021,5,16,11,37,22,1
2021,5,16,11,42,43,1
2021,5,16,11,47,0,1
2021,5,16,11,52,52,1
2021,5,16,12,3,13,1
2021,5,16,12,7,55,1
2021,5,16,12,13,0,1
2021,5,16,12,17,56,1
2021,5,16,12,22,57,1
2021,5,16,12,27,48,1
2021,5,16,12,33,40,1
2021,5,16,12,37,54,1
2021,5,16,12,43,36,1
2021,5,16,12,48,5,1
2021,5,16,12,53,15,1
2021,5,16,13,2,39,1
2021,5,16,13,7,27,1
2021,5,16,13,12,29,1
2021,5,16,13,17,39,1
2021,5,16,13,23,1,1
2021,5,16,13,28,2,1
2021,5,16,13,33,7,1
2021,5,16,13,38,14,1
2021,5,16,13,43,7,1
2021,5,16,13,47,32,1
2021,5,16,13,53,44,1
2021,5,16,14,3,26,1
2021,5,16,14,8,53,1
2021,5,16,14,12,15,1
2021,5,16,14,19,28,1
2021,5,16,14,25,36,1
2021,5,16,14,30,45,1
2021,5,16,14,41,13,1
2021,5,16,14,46,8,1
2021,5,16,14,52,1,1
2021,5,16,14,56,31,1
2021,5,16,15,3,3,1
2021,5,16,15,7,20,1
2021,5,16,15,12,53,1
2021,5,16,15,17,44,1
2021,5,16,15,22,49,1
2021,5,16,15,28,31,1
2021,5,16,15,33,14,1
2021,5,16,15,38,29,1
2021,5,16,15,48,22,1
2021,5,16,15,53,31,1
2021,5,16,16,2,43,1
2021,5,16,16,7,47,1
2021,5,16,16,13,20,1
2021,5,16,16,18,44,1
2021,5,16,16,23,16,1
2021,5,16,16,28,1,1
2021,5,16,16,33,34,1
2021,5,16,16,43,32,1
2021,5,16,16,49,8,1
2021,5,16,16,53,30,1
2021,5,16,17,2,34,1
2021,5,16,17,7,29,1
2021,5,16,17,12,54,1
2021,5,17,11,8,21,1
2021,5,17,11,17,45,1
2021,5,17,11,23,7,1
2021,5,17,11,32,59,1
2021,5,18,8,44,51,1
2021,5,18,8,50,55,1
2021,5,18,8,55,20,1
2021,5,18,11,7,39,1
2021,5,18,11,11,48,1
2021,5,18,11,16,51,1
2021,5,18,11,22,29,1
2021,5,18,11,27,0,1
2021,5,18,11,32,17,1
2021,5,18,11,37,7,1
2021,5,18,11,42,23,1
2021,5,18,11,47,19,1
2021,5,18,11,52,33,1
2021,5,18,12,2,29,1
2021,5,18,12,7,35,1
2021,5,18,12,12,39,1
2021,5,18,12,17,24,1
2021,5,18,12,22,41,1
2021,5,18,12,27,58,1
2021,5,18,12,32,45,1
2021,5,18,12,43,33,1
2021,5,18,12,48,5,1
2021,5,18,12,53,26,1
2021,5,18,13,2,47,1
2021,5,18,13,7,40,1
2021,5,18,13,17,39,1
2021,5,18,13,22,52,1
2021,5,18,13,28,21,1
2021,5,18,13,38,32,1
2021,5,18,13,43,18,1
2021,5,18,13,48,20,1
2021,5,18,13,53,31,1
2021,5,18,14,2,47,1
2021,5,18,14,7,45,1
2021,5,18,14,12,39,1
2021,5,18,14,18,1,1
2021,5,18,14,23,2,1
2021,5,18,14,28,15,1
2021,5,18,14,33,11,1
2021,5,18,14,38,13,1
2021,5,18,14,43,6,1
2021,5,18,14,48,7,1
2021,5,18,14,53,21,1
2021,5,18,15,2,31,1
2021,5,18,15,7,50,1
2021,5,18,15,12,45,1
2021,5,18,15,17,55,1
2021,5,18,15,22,23,1
2021,5,18,15,27,35,1
2021,5,18,15,32,38,1
2021,5,18,15,37,6,1
2021,5,18,15,44,1,1
2021,5,18,15,48,39,1
2021,5,18,15,53,55,1
2021,5,18,16,2,48,1
2021,5,18,16,8,2,1
2021,5,18,16,12,14,1
2021,5,18,16,18,2,1
2021,5,18,16,23,12,1
2021,5,18,16,28,4,1
2021,5,18,16,33,7,1
2021,5,18,16,38,7,1
2021,5,18,16,42,53,1
2021,5,18,16,48,20,1
2021,5,18,16,52,34,1
2021,5,18,17,2,44,1
2021,5,18,17,7,12,1
2021,5,18,17,13,34,1
2021,5,19,9,39,10,1
2021,5,19,9,45,38,1
2021,5,19,10,2,21,1
2021,5,19,10,6,1,1
2021,5,19,10,13,0,1
2021,5,19,10,22,47,1
2021,5,19,10,27,52,1
2021,5,19,10,42,10,1
2021,5,19,10,54,37,1
2021,5,19,11,50,0,1
2021,5,19,14,28,1,1
2021,5,19,15,33,13,1
2021,5,20,8,28,56,1
2021,5,20,8,35,3,1
2021,5,20,8,41,4,1
2021,5,20,8,45,40,0
2021,5,20,8,50,37,1
2021,5,20,8,54,50,1
2021,5,20,9,1,29,1
2021,5,20,9,5,47,1
2021,5,20,9,13,23,1
2021,5,20,9,27,5,1
2021,5,20,9,32,16,1
2021,5,20,9,35,5,1
2021,5,20,9,40,46,1
2021,5,20,10,3,13,1
2021,5,20,10,16,6,1
2021,5,20,10,26,42,1
2021,5,20,10,37,4,1
2021,5,20,10,41,57,1
2021,5,20,10,47,44,1
2021,5,20,10,52,44,1
2021,5,20,11,27,29,1
2021,5,20,11,32,14,1
2021,5,20,11,37,36,1
2021,5,20,11,48,2,1
2021,5,20,12,7,31,1
2021,5,20,12,12,16,1
2021,5,20,12,17,56,1
2021,5,20,12,22,47,1
2021,5,20,12,46,54,1
2021,5,20,12,52,18,1
2021,5,20,13,5,32,1
2021,5,20,13,10,41,1
2021,5,20,13,16,25,1
2021,5,20,13,26,6,1
2021,5,20,13,30,55,1
2021,5,20,13,36,45,1
2021,5,20,13,41,4,1
2021,5,20,13,46,5,1
2021,5,20,14,7,20,1
2021,5,20,14,13,45,1
2021,5,20,14,18,31,1
2021,5,20,14,22,56,1
2021,5,20,14,28,57,1
2021,5,20,14,34,5,1
2021,5,20,14,38,27,1
2021,5,20,14,44,9,1
2021,5,20,14,49,3,1
2021,5,20,15,8,13,1
2021,5,20,15,13,32,1
2021,5,20,15,18,7,1
2021,5,20,15,23,34,1
2021,5,20,15,28,47,1
2021,5,20,15,34,7,1
2021,5,20,15,38,55,1
2021,5,20,15,44,22,1
2021,5,20,16,2,31,1
2021,5,20,16,7,54,1
2021,5,20,16,12,47,1
2021,5,20,16,17,40,1
2021,5,20,16,23,9,1
2021,5,20,16,28,23,1
2021,5,20,16,33,17,1
2021,5,20,17,8,4,1
2021,5,20,17,13,40,1
2021,5,20,17,18,58,1
2021,5,21,9,8,38,1
2021,5,21,9,12,39,1
2021,5,21,9,18,16,1
2021,5,21,9,32,36,1
2021,5,21,9,38,19,1
2021,5,21,9,43,18,1
2021,5,21,9,48,3,1
2021,5,21,9,52,51,1
2021,5,21,10,2,37,1
2021,5,21,10,7,35,1
2021,5,21,10,12,42,1
2021,5,21,12,37,20,1
2021,5,21,12,43,19,1
2021,5,21,12,48,9,1
2021,5,21,12,53,42,1
2021,5,21,13,2,28,1
2021,5,21,13,7,34,1
2021,5,21,13,12,2,1
2021,5,21,13,18,4,1
2021,5,21,13,23,18,1
2021,5,21,13,28,54,1
2021,5,21,13,33,37,1
2021,5,21,13,38,9,1
2021,5,21,13,44,1,1
2021,5,21,13,48,18,1
2021,5,21,13,53,24,1
2021,5,21,14,18,6,1
2021,5,21,14,28,19,1
2021,5,21,14,34,29,1
2021,5,21,14,54,24,1
2021,5,21,15,2,30,1
2021,5,21,15,7,36,1
2021,5,21,15,13,9,1
2021,5,21,15,17,53,1
2021,5,21,15,22,57,1
2021,5,21,15,28,2,1
2021,5,21,15,33,29,1
2021,5,21,15,37,19,1
2021,5,21,15,43,12,1
2021,5,21,15,48,26,1
2021,5,21,15,53,45,1
2021,5,21,16,2,38,1
2021,5,21,16,7,29,1
2021,5,21,16,33,33,1
2021,5,21,16,38,32,1
2021,5,21,16,43,42,1
2021,5,21,16,49,6,1
2021,5,21,16,54,26,1
2021,5,21,17,3,2,1
2021,5,21,17,7,39,1
2021,5,21,17,12,51,1
2021,5,21,17,17,49,1
2021,5,22,8,27,37,1
2021,5,22,8,32,38,1
2021,5,22,8,38,10,1
2021,5,22,8,43,19,1
2021,5,22,8,48,25,1
2021,5,22,8,53,17,1
2021,5,22,9,2,35,1
2021,5,22,9,7,45,1
2021,5,22,9,12,46,1
2021,5,22,9,17,48,1
2021,5,22,9,22,48,1
2021,5,22,9,27,42,1
2021,5,22,9,33,3,1
2021,5,22,9,38,9,1
2021,5,22,9,42,57,1
2021,5,22,9,53,3,1
2021,5,22,10,2,38,1
2021,5,22,10,8,51,1
2021,5,22,10,13,30,1
2021,5,22,10,18,36,1
2021,5,22,10,23,39,1
2021,5,22,10,28,48,1
2021,5,22,10,33,49,1
2021,5,22,10,39,9,1
2021,5,22,10,43,29,1
2021,5,22,11,2,34,1
2021,5,22,11,12,50,1
2021,5,22,11,17,42,1
2021,5,22,11,22,59,1
2021,5,22,11,27,52,1
2021,5,22,11,33,9,1
2021,5,22,11,38,1,1
2021,5,22,11,43,7,1
2021,5,22,11,48,23,1
2021,5,22,11,53,12,1
2021,5,22,12,2,41,1
2021,5,22,12,7,43,1
2021,5,22,12,12,33,1
2021,5,22,12,17,55,1
2021,5,22,12,22,52,1
2021,5,22,12,27,45,1
2021,5,22,12,33,24,1
2021,5,22,12,36,28,1
2021,5,22,12,43,51,1
2021,5,22,12,48,57,1
2021,5,22,12,54,25,1
2021,5,22,13,3,45,1
2021,5,22,13,8,57,1
2021,5,22,13,14,12,1
2021,5,22,13,18,57,1
2021,5,22,13,24,8,1
2021,5,22,13,29,18,1
2021,5,22,13,33,56,1
2021,5,22,13,38,58,1
2021,5,22,13,44,17,1
2021,5,22,13,49,36,1
2021,5,22,13,54,12,1
2021,5,22,14,2,27,1
2021,5,22,14,8,8,1
2021,5,22,14,12,56,1
2021,5,22,14,16,43,1
2021,5,22,14,23,28,1
2021,5,22,14,28,1,1
2021,5,22,14,44,46,1
2021,5,22,14,51,2,1
2021,5,22,14,55,47,1
2021,5,22,15,3,14,1
2021,5,22,15,8,49,1
2021,5,22,15,13,7,1
2021,5,22,15,17,59,1
2021,5,22,15,21,6,1
2021,5,22,15,30,17,1
2021,5,22,15,35,24,1
2021,5,22,15,40,48,1
2021,5,22,15,45,57,1
2021,5,22,15,51,16,1
2021,5,22,15,55,43,1
2021,5,22,16,2,28,1
2021,5,22,16,25,17,1
2021,5,22,16,30,34,1
2021,5,22,16,56,8,1
2021,5,24,8,28,59,1
2021,5,24,8,34,19,1
2021,5,24,8,39,21,1
2021,5,24,8,44,38,1
2021,5,24,8,50,13,1
2021,5,24,8,54,49,1
2021,5,24,9,2,30,1
2021,5,24,9,23,41,1
2021,5,24,9,28,27,1
2021,5,24,9,38,34,1
2021,5,24,9,48,59,1
2021,5,24,9,54,3,1
2021,5,24,10,2,39,1
2021,5,24,10,8,8,1
2021,5,24,10,13,6,1
2021,5,24,10,17,56,1
2021,5,24,10,22,27,1
2021,5,24,10,28,26,1
2021,5,24,10,33,6,1
2021,5,24,10,38,8,1
2021,5,24,10,43,17,1
2021,5,24,10,48,19,1
2021,5,24,10,53,18,1
2021,5,24,11,3,1,1
2021,5,24,11,8,28,1
2021,5,24,11,12,53,1
2021,5,24,11,18,21,1
2021,5,24,11,23,9,1
2021,5,24,12,3,1,1
2021,5,24,12,7,11,1
2021,5,24,12,12,39,1
2021,5,24,12,17,51,1
2021,5,24,12,22,51,1
2021,5,24,12,28,1,1
2021,5,24,12,33,14,1
2021,5,24,12,37,55,1
2021,5,24,12,43,3,1
2021,5,24,12,47,46,1
2021,5,24,12,53,13,1
2021,5,24,13,2,28,1
2021,5,24,13,7,16,1
2021,5,24,13,13,0,1
2021,5,24,13,18,27,1
2021,5,24,13,23,28,1
2021,5,24,13,29,5,1
2021,5,24,13,34,5,1
2021,5,24,13,38,55,1
2021,5,24,13,44,10,1
2021,5,24,13,49,33,1
2021,5,24,13,54,3,1
2021,5,24,14,2,56,1
2021,5,24,14,7,48,1
2021,5,24,14,13,5,1
2021,5,24,14,18,33,1
2021,5,24,14,23,10,1
2021,5,24,14,28,13,1
2021,5,24,14,32,9,1
2021,5,24,14,45,44,1
2021,5,24,14,51,20,1
2021,5,24,14,55,29,1
2021,5,24,15,2,44,1
2021,5,24,15,7,43,1
2021,5,24,15,12,36,1
2021,5,24,15,18,3,1
2021,5,24,15,23,20,1
2021,5,24,15,28,15,1
2021,5,24,16,44,8,1
2021,5,24,16,54,25,1
2021,5,24,17,2,44,1
2021,5,24,17,7,26,1
2021,5,24,17,14,17,1
2021,5,24,17,19,40,1
2021,5,24,17,24,10,0
2021,5,25,8,26,20,1
2021,5,25,8,31,37,1
2021,5,25,8,37,28,1
2021,5,25,8,42,31,1
2021,5,25,8,47,31,1
2021,5,25,8,53,12,1
2021,5,25,9,8,33,1
2021,5,25,9,12,50,1
2021,5,25,9,19,4,1
2021,5,25,9,23,51,1
2021,5,25,9,37,58,1
2021,5,25,9,41,16,1
2021,5,25,9,51,41,1
2021,5,25,9,56,37,1
2021,5,25,10,2,36,1
2021,5,25,10,7,20,1
2021,5,25,10,16,27,1
2021,5,25,10,20,59,1
2021,5,25,10,25,52,1
2021,5,25,10,30,57,1
2021,5,25,10,36,8,1
2021,5,25,10,41,6,1
2021,5,25,10,46,17,1
2021,5,25,10,51,45,1
2021,5,25,10,56,20,1
2021,5,25,11,2,31,1
2021,5,25,11,7,41,1
2021,5,25,11,12,29,1
2021,5,25,11,17,28,1
2021,5,25,11,22,36,1
2021,5,25,11,27,41,1
2021,5,25,11,32,55,1
2021,5,25,11,37,49,1
2021,5,25,11,43,10,1
2021,5,25,11,47,48,1
2021,5,25,11,53,30,1
2021,5,25,12,2,48,1
2021,5,25,13,29,28,1
2021,5,25,13,34,38,1
2021,5,25,13,49,36,1
2021,5,25,14,12,33,1
2021,5,25,14,17,41,1
2021,5,25,14,23,1,1
2021,5,25,14,28,8,1
2021,5,25,14,33,23,1
2021,5,25,14,43,28,1
2021,5,25,14,53,54,1
2021,5,25,15,7,35,1
2021,5,25,15,32,59,1
2021,5,25,15,43,16,1
2021,5,25,15,53,36,1
2021,5,25,16,2,40,1
2021,5,25,16,31,39,1
2021,5,25,16,36,56,1
2021,5,25,16,41,48,1
2021,5,25,16,47,12,1
2021,5,25,16,51,59,1
2021,5,25,16,56,59,1
2021,5,25,17,2,42,1
2021,5,25,17,6,51,1
2021,5,27,9,7,39,1
2021,5,27,9,43,32,1
2021,5,27,9,48,26,1
2021,5,27,9,53,32,1
2021,5,27,10,2,41,1
2021,5,27,10,7,42,1
2021,5,27,10,12,50,1
2021,5,27,10,17,51,1
2021,5,27,10,22,52,1
2021,5,27,10,27,55,1
2021,5,27,10,32,54,1
2021,5,27,10,38,21,1
2021,5,27,10,43,25,1
2021,5,27,10,48,26,1
2021,5,27,10,53,26,1
2021,5,27,11,2,46,1
2021,5,27,11,7,34,1
2021,5,27,11,12,58,1
2021,5,27,11,17,56,1
2021,5,27,11,22,53,1
2021,5,27,11,27,59,1
2021,5,27,11,33,6,1
2021,5,27,11,37,55,1
2021,5,27,11,43,21,1
2021,5,27,11,48,6,1
2021,5,27,11,53,26,1
2021,5,27,12,2,38,1
2021,5,27,12,7,38,1
2021,5,27,12,12,39,1
2021,5,27,12,17,45,1
2021,5,27,12,22,52,1
2021,5,27,12,27,51,1
2021,5,27,12,32,52,1
2021,5,27,12,38,2,1
2021,5,27,12,43,2,1
2021,5,27,12,48,0,1
2021,5,27,12,53,6,1
2021,5,27,13,2,34,1
2021,5,27,13,7,33,1
2021,5,27,13,12,29,1
2021,5,27,13,17,14,1
2021,5,27,13,22,48,1
2021,5,27,13,32,37,1
2021,5,27,13,37,48,1
2021,5,27,13,42,47,1
2021,5,27,13,48,13,1
2021,5,27,13,53,18,1
2021,5,27,14,2,40,1
2021,5,27,14,6,38,1
2021,5,27,14,12,54,1
2021,5,27,14,18,10,1
2021,5,27,14,28,26,1
2021,5,27,14,33,17,1
2021,5,27,14,38,47,1
2021,5,27,14,43,47,1
2021,5,27,14,48,53,1
2021,5,27,14,53,50,1
2021,5,27,15,3,45,1
2021,5,27,15,8,15,1
2021,5,27,15,13,33,1
2021,5,27,15,18,39,1
2021,5,27,15,24,2,1
2021,5,27,15,28,25,1
2021,5,27,15,35,11,1
2021,5,27,15,39,21,1
2021,5,27,15,50,39,1
2021,5,27,15,55,28,1
2021,5,27,16,7,49,1
2021,5,27,16,13,8,1
2021,5,27,16,22,53,1
2021,5,27,16,28,3,1
2021,5,27,16,33,4,1
2021,5,27,16,42,50,1
2021,5,27,16,49,10,1
2021,5,27,16,54,11,1
2021,5,27,17,2,36,1
2021,5,27,17,13,18,1
2021,5,27,17,18,22,1
2021,5,27,17,23,11,1
2021,5,28,8,24,17,1
2021,5,28,8,29,34,1
2021,5,28,8,35,10,1
2021,5,28,8,40,6,1
2021,5,28,8,45,5,1
2021,5,28,8,48,42,1
2021,5,28,8,54,41,1
2021,5,28,9,2,46,1
2021,5,28,9,6,12,1
2021,5,28,9,15,1,1
2021,5,28,9,19,31,1
2021,5,28,9,24,18,1
2021,5,28,9,29,32,1
2021,5,28,9,34,23,1
2021,5,28,9,39,21,1
2021,5,28,9,44,42,1
2021,5,28,9,49,41,1
2021,5,28,9,54,35,1
2021,5,28,10,2,23,1
2021,5,28,10,7,53,1
2021,5,28,10,12,31,1
2021,5,28,10,20,24,1
2021,5,28,10,26,6,1
2021,5,28,10,30,51,1
2021,5,28,10,35,56,1
2021,5,28,10,41,38,1
2021,5,28,10,46,24,1
2021,5,28,10,52,5,1
2021,5,28,10,56,34,1
2021,5,28,11,3,26,1
2021,5,28,11,8,44,1
2021,5,28,11,13,7,1
2021,5,28,11,18,29,1
2021,5,28,11,23,31,1
2021,5,28,11,28,58,1
2021,5,28,11,33,39,1
2021,5,28,11,38,37,1
2021,5,28,11,44,7,1
2021,5,28,11,48,49,1
2021,5,28,11,53,45,1
2021,5,28,12,2,33,1
2021,5,28,12,7,42,1
2021,5,28,12,12,34,1
2021,5,28,12,17,33,1
2021,5,28,12,22,50,1
2021,5,28,12,27,45,1
2021,5,28,12,32,58,1
2021,5,28,12,37,46,1
2021,5,28,12,44,6,1
2021,5,28,12,49,10,1
2021,5,28,12,54,12,1
2021,5,28,13,2,35,1
2021,5,28,13,7,20,1
2021,5,28,13,12,46,1
2021,5,28,13,17,50,1
2021,5,28,13,27,52,1
2021,5,28,13,33,14,1
2021,5,28,13,37,40,0
2021,5,28,13,43,9,1
2021,5,28,13,48,12,1
2021,5,28,13,53,37,1
2021,5,28,14,3,9,1
2021,5,28,14,7,56,1
2021,5,28,14,13,23,1
2021,5,28,14,23,34,1
2021,5,28,14,28,39,1
2021,5,28,14,33,35,1
2021,5,28,14,38,42,1
2021,5,28,14,43,39,1
2021,5,28,14,48,23,1
2021,5,28,14,55,20,1
2021,5,28,15,3,5,1
2021,5,28,15,7,21,0
2021,5,28,15,13,8,1
2021,5,28,15,18,9,1
2021,5,28,15,23,8,1
2021,5,28,15,28,8,1
2021,5,28,15,33,6,1
2021,5,28,15,38,12,1
2021,5,28,15,43,22,1
2021,5,28,15,48,24,1
2021,5,28,16,15,33,1
2021,5,28,16,25,52,1
2021,5,29,10,12,25,1
2021,5,29,10,20,27,1
2021,5,29,10,30,19,1
2021,5,29,10,36,8,1
2021,5,29,10,40,14,1
2021,5,29,10,47,34,1
2021,5,29,10,52,48,1
2021,5,29,11,7,40,1
2021,5,29,11,12,33,1
2021,5,29,11,17,24,1
2021,5,29,11,22,18,1
2021,5,29,11,27,31,1
2021,5,29,11,32,22,1
2021,5,29,11,37,31,1
2021,5,29,11,42,37,1
2021,5,29,11,47,46,1
2021,5,29,11,53,0,1
2021,5,29,12,2,34,1
2021,5,29,12,7,11,1
2021,5,29,12,12,27,1
2021,5,29,12,17,2,1
2021,5,29,12,22,40,1
2021,5,29,12,27,28,1
2021,5,29,12,32,37,1
2021,5,29,12,37,54,1
2021,5,29,12,42,53,1
2021,5,30,9,3,24,1
2021,5,30,9,36,33,0
2021,5,30,10,13,46,0
2021,5,30,10,18,7,1
2021,5,30,10,23,13,1
2021,5,30,10,36,46,1
2021,5,30,15,22,16,1
2021,5,30,15,27,47,1
2021,5,30,15,32,25,1
2021,5,30,15,38,6,1
2021,5,30,15,48,7,1
2021,5,30,15,53,51,1
2021,5,30,16,4,49,1
2021,5,30,16,9,5,1
2021,5,30,16,13,45,1
2021,5,30,16,19,11,1
2021,5,30,16,24,23,1
2021,5,30,16,35,9,1
2021,5,30,16,39,39,1
2021,5,30,16,44,51,1
2021,5,30,16,50,33,1
2021,5,30,16,55,12,1
2021,5,30,17,2,19,1
2021,5,30,17,7,49,1
2021,5,31,11,6,53,1
2021,5,31,11,11,16,1
2021,5,31,11,16,20,1
2021,5,31,11,21,45,1
2021,5,31,11,26,41,1
2021,5,31,11,31,39,1
2021,5,31,11,36,46,1
2021,5,31,11,41,52,1
2021,5,31,11,46,56,1
2021,5,31,11,52,2,1
2021,5,31,11,57,3,1
2021,5,31,12,2,11,1
2021,5,31,12,7,51,1
2021,5,31,12,12,39,1
2021,5,31,12,17,30,1
2021,5,31,12,22,51,1
2021,5,31,12,27,51,1
2021,5,31,12,33,1,1
2021,5,31,12,38,9,1
2021,5,31,12,43,15,1
2021,5,31,12,48,24,1
2021,5,31,12,53,27,1
2021,5,31,13,2,30,1
2021,5,31,13,7,42,1
2021,5,31,13,12,34,1
2021,5,31,13,17,38,1
2021,5,31,13,22,45,1
2021,5,31,13,27,55,1
2021,5,31,13,32,54,1
2021,5,31,13,38,5,1
2021,5,31,13,43,8,1
2021,5,31,13,48,15,1
2021,5,31,13,53,16,1
2021,5,31,14,4,2,1
2021,5,31,14,8,56,1
2021,5,31,14,13,43,1
2021,5,31,14,19,2,1
2021,5,31,14,24,17,1
2021,5,31,14,29,10,1
2021,5,31,14,34,23,1
2021,5,31,14,39,25,1
2021,5,31,14,44,30,1
2021,5,31,14,49,40,1
2021,5,31,14,54,39,1
2021,5,31,15,2,26,1
2021,5,31,15,7,33,1
2021,5,31,15,12,39,1
2021,5,31,15,17,34,1
2021,5,31,15,22,40,1
2021,5,31,15,27,44,1
2021,5,31,15,32,48,1
2021,5,31,15,37,47,1
2021,5,31,15,45,1,1
2021,5,31,15,50,2,1
2021,5,31,15,54,58,1
2021,5,31,16,2,47,1
2021,5,31,16,7,22,1
2021,5,31,16,12,57,1
2021,5,31,16,18,14,1
2021,5,31,16,23,14,1
2021,5,31,16,28,2,1
2021,5,31,16,33,14,1
2021,5,31,16,37,54,1
