2021,5,1,8,2,46.375,2
2021,5,1,8,7,42.294,2
2021,5,1,8,12,37.14,2
2021,5,1,8,18,11.022,2
2021,5,1,8,22,44.83,2
2021,5,1,8,27,44.234,2
2021,5,1,8,32,42.465,2
2021,5,1,8,37,38.184,2
2021,5,1,8,42,56.587,2
2021,5,1,8,47,42.144,2
2021,5,1,8,53,8.001,2
2021,5,1,9,3,21.827,2
2021,5,1,9,8,38.144,2
2021,5,1,9,13,22.205,2
2021,5,1,9,18,30.374,2
2021,5,1,9,23,33.334,2
2021,5,1,9,28,10.521,2
2021,5,1,9,33,39.483,2
2021,5,1,9,38,32.75,2
2021,5,1,9,43,30.558,2
2021,5,1,9,48,27.501,2
2021,5,1,9,54,4.139,2
2021,5,1,10,1,47.539,2
2021,5,1,10,7,30.899,2
2021,5,1,10,12,32.851,2
2021,5,1,10,17,33.164,2
2021,5,1,10,22,21.13,2
2021,5,1,10,28,16.133,2
2021,5,1,10,32,47.922,2
2021,5,1,10,37,55.183,2
2021,5,1,10,43,7.629,2
2021,5,1,10,47,49.513,2
2021,5,1,10,53,4.752,2
2021,5,1,11,2,37.703,2
2021,5,1,11,7,37.808,2
2021,5,1,11,12,28.007,2
2021,5,1,11,17,37.877,2
2021,5,1,11,22,33.668,2
2021,5,1,11,27,34.013,2
2021,5,1,11,32,39.422,2
2021,5,1,11,37,39.007,2
2021,5,1,11,42,34.446,2
2021,5,1,11,48,0.936,2
2021,5,1,11,52,48.763,2
2021,5,1,12,2,39.223,2
2021,5,1,12,7,36.093,2
2021,5,1,12,12,43.035,2
2021,5,1,12,17,42.982,2
2021,5,1,12,22,39.641,2
2021,5,1,12,27,36.769,2
2021,5,1,12,33,48.046,2
2021,5,1,12,38,15.591,2
2021,5,1,12,42,56.583,2
2021,5,1,12,47,52.25,2
2021,5,1,12,52,51.204,2
2021,5,1,13,3,9.357,2
2021,5,1,13,8,16.916,2
2021,5,1,13,13,20.308,2
2021,5,1,13,18,16.68,2
2021,5,1,13,23,23.695,2
2021,5,1,13,28,18.579,2
2021,5,1,13,33,22.612,2
2021,5,1,13,38,24.348,2
2021,5,1,13,43,27.234,2
2021,5,1,13,48,25.852,2
2021,5,1,13,53,38.742,2
2021,5,1,14,2,35.849,2
2021,5,1,14,7,30.77,2
2021,5,1,14,11,44.81,2
2021,5,1,14,18,24.49,0
2021,5,1,14,23,15.828,2
2021,5,1,14,31,12.204,2
2021,5,1,14,36,32.039,2
2021,5,1,14,41,20.638,2
2021,5,1,14,46,40.017,2
2021,5,1,14,51,32.05,2
2021,5,1,15,3,18.665,2
2021,5,1,15,7,33.962,2
2021,5,1,15,12,56.783,2
2021,5,1,15,17,23.761,2
2021,5,1,15,22,53.734,2
2021,5,1,15,27,39.273,2
2021,5,1,15,32,49.059,2
2021,5,1,15,38,0.987,2
2021,5,1,15,42,48.131,2
2021,5,1,15,47,41.3,2
2021,5,1,15,53,30.308,2
2021,5,1,16,2,27.384,2
2021,5,1,16,7,34.942,2
2021,5,2,8,19,9.405,2
2021,5,2,8,27,39.078,2
2021,5,2,8,32,14.5,2
2021,5,2,8,37,20.238,2
2021,5,2,8,42,24.409,2
2021,5,2,8,47,39.248,2
2021,5,2,8,52,27.355,2
2021,5,2,9,2,55.872,2
2021,5,2,9,8,8.466,2
2021,5,2,9,13,46.068,2
2021,5,2,9,18,3.789,2
2021,5,2,9,23,14.905,2
2021,5,2,9,28,8.129,2
2021,5,2,9,33,24.217,2
2021,5,2,9,38,11.209,2
2021,5,2,9,43,21.207,2
2021,5,2,9,48,21.168,2
2021,5,2,9,53,19.787,2
2021,5,2,10,2,27.862,2
2021,5,2,10,7,47.876,2
2021,5,2,10,12,46.719,2
2021,5,2,10,17,44.597,2
2021,5,2,10,22,53.237,2
2021,5,2,10,27,55.023,2
2021,5,2,10,32,58.007,2
2021,5,2,10,38,4.057,2
2021,5,2,10,41,38.992,2
2021,5,2,10,47,42.773,2
2021,5,2,10,53,29.697,2
2021,5,2,11,0,37.207,2
2021,5,2,11,8,9.916,2
2021,5,2,11,13,14.31,2
2021,5,2,11,18,40.399,2
2021,5,2,11,23,12.698,2
2021,5,2,11,28,21.282,2
2021,5,2,11,33,24.054,2
2021,5,2,11,38,37.573,2
2021,5,2,11,43,34.159,2
2021,5,2,11,48,25.269,2
2021,5,2,11,54,24.779,2
2021,5,2,12,2,59.283,2
2021,5,2,12,8,29.573,2
2021,5,2,12,13,35.092,2
2021,5,2,12,18,34.237,2
2021,5,2,12,23,11.668,2
2021,5,2,12,28,32.901,2
2021,5,2,12,38,36.411,0
2021,5,2,12,43,55.409,0
2021,5,2,12,49,22.524,2
2021,5,2,12,54,10.882,2
2021,5,2,13,2,26.862,2
2021,5,2,13,7,42.823,2
2021,5,2,13,12,10.748,2
2021,5,2,13,21,49.407,2
2021,5,2,13,26,28.093,2
2021,5,2,13,31,31.822,2
2021,5,2,13,36,31.862,2
2021,5,2,13,41,38.273,2
2021,5,2,13,46,27.613,2
2021,5,2,13,51,31.139,2
2021,5,2,14,2,54.302,2
2021,5,2,14,7,30.804,2
2021,5,2,14,12,52.543,2
2021,5,2,14,18,38.055,2
2021,5,2,14,23,47.539,2
2021,5,2,14,28,4.212,0
2021,5,2,14,33,30.286,0
2021,5,2,14,43,31.821,0
2021,5,2,14,48,34.867,0
2021,5,2,14,53,47.453,0
2021,5,2,15,2,35.869,0
2021,5,2,15,7,48.034,0
2021,5,2,15,12,57.911,0
2021,5,2,15,17,28.794,0
2021,5,2,15,22,45.074,0
2021,5,2,15,27,52.566,0
2021,5,2,15,32,33.44,0
2021,5,2,15,37,9.469,0
2021,5,2,15,43,52.147,0
2021,5,2,15,51,55.185,0
2021,5,2,15,57,8.638,0
2021,5,2,16,2,2.62,0
2021,5,2,16,8,51.497,2
2021,5,2,16,14,4.064,2
2021,5,2,16,18,39.415,2
2021,5,2,16,24,25.476,2
2021,5,2,16,29,26.608,2
2021,5,2,16,33,57.65,0
2021,5,3,11,7,27.368,0
2021,5,3,11,12,9.068,0
2021,5,3,11,48,0.801,0
2021,5,3,12,22,48.479,0
2021,5,3,12,37,48.744,0
2021,5,3,12,42,53.367,0
2021,5,3,12,52,31.264,0
2021,5,3,13,12,36.142,0
2021,5,3,13,23,11.505,0
2021,5,3,13,28,0.013,0
2021,5,3,13,42,30.36,0
2021,5,3,13,47,58.081,0
2021,5,3,14,42,52.716,0
2021,5,3,15,7,32.757,0
2021,5,3,15,17,38.456,0
2021,5,3,15,51,51.466,0
2021,5,3,16,12,38.295,0
2021,5,3,16,17,43.745,2
2021,5,3,16,22,39.379,0
2021,5,3,16,32,47.547,0
2021,5,3,16,42,50.516,0
2021,5,3,16,47,53.415,0
2021,5,3,16,52,27.489,0
2021,5,4,8,51,37.613,2
2021,5,4,8,56,44.049,2
2021,5,4,9,17,44.935,0
2021,5,4,9,28,2.024,2
2021,5,4,9,33,10.75,0
2021,5,4,9,42,56.895,2
2021,5,4,9,48,45.249,2
2021,5,4,9,53,29.353,0
2021,5,4,10,2,33.448,0
2021,5,4,10,42,30.378,0
2021,5,4,14,17,40.238,0
2021,5,4,14,22,49.661,2
2021,5,4,14,27,38.861,2
2021,5,4,14,33,26.976,2
2021,5,4,14,38,4.147,2
2021,5,4,14,42,51.353,2
2021,5,4,14,47,51.241,2
2021,5,4,14,53,15.702,2
2021,5,4,15,2,41.408,2
2021,5,4,15,7,7.074,2
2021,5,4,15,12,39.681,2
2021,5,4,15,33,5.179,2
2021,5,4,15,38,20.7,2
2021,5,4,15,43,4.485,2
2021,5,4,15,48,3.6,2
2021,5,4,15,53,5.653,2
2021,5,4,16,2,32.743,2
2021,5,4,16,7,27.113,2
2021,5,4,16,12,40.158,2
2021,5,4,16,17,40.758,2
2021,5,4,16,22,34.035,2
2021,5,4,16,25,24.353,2
2021,5,4,16,34,14.163,2
2021,5,4,16,39,21.336,2
2021,5,4,16,44,37.964,2
2021,5,4,16,49,36.23,2
2021,5,4,16,54,37.96,2
2021,5,4,17,2,30.297,2
2021,5,5,10,3,2.368,0
2021,5,5,10,19,50.944,0
2021,5,5,11,1,59.374,0
2021,5,5,11,18,49.3,0
2021,5,5,11,25,12.498,0
2021,5,5,11,28,17.755,0
2021,5,5,12,26,40.986,2
2021,5,5,12,44,53.775,2
2021,5,5,12,54,14.67,2
2021,5,5,13,38,34,2
2021,5,5,13,43,37.025,2
2021,5,5,13,48,32.09,2
2021,5,5,13,53,45.698,2
2021,5,5,14,1,33.212,2
2021,5,13,10,3,20.395,2
2021,5,13,10,8,19.697,2
2021,5,13,10,13,43.75,2
2021,5,13,10,17,20.67,2
2021,5,13,10,54,32.756,2
2021,5,13,11,2,32.937,2
2021,5,13,11,7,31.986,2
2021,5,13,11,12,36.797,2
2021,5,13,11,17,46.275,2
2021,5,13,11,22,47.154,2
2021,5,13,11,27,23.22,2
2021,5,13,11,32,30.013,2
2021,5,13,11,38,49.757,2
2021,5,13,11,54,8.932,2
2021,5,13,12,2,31.721,2
2021,5,13,12,5,48.27,2
2021,5,13,12,16,53.16,2
2021,5,13,12,22,21.582,2
2021,5,13,12,27,10.025,2
2021,5,13,12,37,17.699,2
2021,5,13,12,42,43.122,2
2021,5,13,12,47,47.879,2
2021,5,13,12,52,49.562,2
2021,5,13,13,2,33.229,2
2021,5,13,13,7,35.201,2
2021,5,13,13,12,39.874,2
2021,5,13,13,17,47.284,2
2021,5,13,13,22,59.031,2
2021,5,13,13,27,49.185,2
2021,5,13,13,32,53.989,2
2021,5,13,13,38,8.424,2
2021,5,13,13,43,4.355,2
2021,5,13,13,48,19.283,2
2021,5,13,13,53,13.268,2
2021,5,13,14,2,31.858,2
2021,5,13,14,7,37.929,2
2021,5,13,14,12,58.524,2
2021,5,13,14,17,36.711,2
2021,5,13,14,22,56.359,2
2021,5,13,14,27,29.397,2
2021,5,13,14,37,56.305,2
2021,5,13,14,42,59.1,2
2021,5,13,14,47,59.702,2
2021,5,13,14,53,1.747,2
2021,5,13,15,1,45.453,2
2021,5,13,15,8,3.296,2
2021,5,13,15,12,54.623,2
2021,5,13,15,18,3.57,2
2021,5,13,15,23,15.73,2
2021,5,13,15,28,5.365,2
2021,5,13,15,33,3.449,2
2021,5,13,17,11,3.66,2
2021,5,16,8,34,15.46,0
2021,5,16,8,38,53.796,0
2021,5,16,8,44,29.656,0
2021,5,16,8,54,43.297,0
2021,5,16,9,2,27.668,0
2021,5,16,9,6,55.063,0
2021,5,16,9,12,51.634,0
2021,5,16,9,18,13.442,0
2021,5,16,9,23,21.636,0
2021,5,16,9,28,18.264,0
2021,5,16,9,33,24.152,0
2021,5,16,9,44,9.767,0
2021,5,16,9,49,33.368,0
2021,5,16,9,54,13.711,0
2021,5,16,10,13,42.513,0
2021,5,16,10,18,50.402,0
2021,5,16,10,29,58.727,0
2021,5,16,10,34,36.262,0
2021,5,16,10,39,28.222,0
2021,5,16,10,44,27.037,0
2021,5,16,10,49,43.398,0
2021,5,16,10,54,30.294,0
2021,5,16,11,21,54.127,0
2021,5,16,11,32,14.346,0
2021,5,16,11,37,21.84,0
2021,5,16,11,42,42.9,0
2021,5,16,11,47,0.154,0
2021,5,16,11,52,51.642,0
2021,5,16,12,3,12.949,0
2021,5,16,12,7,54.716,0
2021,5,16,12,12,59.99,0
2021,5,16,12,17,55.656,0
2021,5,16,12,22,56.768,0
2021,5,16,12,27,48.214,0
2021,5,16,12,33,39.715,0
2021,5,16,12,37,53.824,0
2021,5,16,12,43,35.558,0
2021,5,16,12,48,5.099,0
2021,5,16,12,53,14.525,2
2021,5,16,13,2,38.935,0
2021,5,16,13,7,26.975,0
2021,5,16,13,12,28.735,0
2021,5,16,13,17,38.92,0
2021,5,16,13,23,1.022,0
2021,5,16,13,28,2.172,0
2021,5,16,13,33,6.742,0
2021,5,16,13,38,14.028,0
2021,5,16,13,43,7.292,0
2021,5,16,13,47,32.336,0
2021,5,16,13,53,44.44,0
2021,5,16,14,3,25.744,0
2021,5,16,14,8,52.801,2
2021,5,16,14,12,15.304,2
2021,5,16,14,19,27.758,0
2021,5,16,14,25,36.468,0
2021,5,16,14,30,45.181,0
2021,5,16,14,41,12.7,0
2021,5,16,14,46,7.761,0
2021,5,16,14,52,1.422,0
2021,5,16,14,56,30.932,0
2021,5,16,15,3,2.991,0
2021,5,16,15,7,19.67,0
2021,5,16,15,12,53.169,0
2021,5,16,15,17,43.601,0
2021,5,16,15,22,48.975,0
2021,5,16,15,28,31.118,0
2021,5,16,15,33,13.537,0
2021,5,16,15,38,29.197,0
2021,5,16,15,48,22.463,0
2021,5,16,15,53,30.643,0
2021,5,16,16,2,43.24,0
2021,5,16,16,7,46.727,0
2021,5,16,16,13,20.333,0
2021,5,16,16,18,44.26,0
2021,5,16,16,23,16.225,0
2021,5,16,16,28,0.965,0
2021,5,16,16,33,33.958,2
2021,5,16,16,43,31.784,0
2021,5,16,16,49,7.539,0
2021,5,16,16,53,29.694,0
2021,5,16,17,2,33.844,0
2021,5,16,17,7,29.249,0
2021,5,16,17,12,53.745,0
2021,5,17,11,8,21.359,0
2021,5,17,11,17,44.554,2
2021,5,17,11,23,6.601,2
2021,5,17,11,32,59.265,2
2021,5,18,8,44,51.257,0
2021,5,18,8,50,54.623,2
2021,5,18,8,55,19.654,2
2021,5,18,11,7,38.849,2
2021,5,18,11,11,48.337,2
2021,5,18,11,16,50.577,2
2021,5,18,11,22,28.596,2
2021,5,18,11,26,59.869,2
2021,5,18,11,32,16.511,2
2021,5,18,11,37,6.912,2
2021,5,18,11,42,22.938,2
2021,5,18,11,47,18.686,2
2021,5,18,11,52,32.997,2
2021,5,18,12,2,28.59,2
2021,5,18,12,7,35.48,2
2021,5,18,12,12,38.758,2
2021,5,18,12,17,24.371,2
2021,5,18,12,22,40.558,2
2021,5,18,12,27,58.481,2
2021,5,18,12,32,45.3,2
2021,5,18,12,43,32.956,2
2021,5,18,12,48,5.146,2
2021,5,18,12,53,26.334,2
2021,5,18,13,2,47.243,2
2021,5,18,13,7,40.489,0
2021,5,18,13,17,38.675,2
2021,5,18,13,22,51.857,2
2021,5,18,13,28,21.427,0
2021,5,18,13,38,31.628,2
2021,5,18,13,43,18.315,2
2021,5,18,13,48,19.873,2
2021,5,18,13,53,31.218,2
2021,5,18,14,2,47.095,2
2021,5,18,14,7,44.551,2
2021,5,18,14,12,39.003,2
2021,5,18,14,18,0.817,2
2021,5,18,14,23,1.984,2
2021,5,18,14,28,15.167,2
2021,5,18,14,33,10.671,2
2021,5,18,14,38,12.722,2
2021,5,18,14,43,5.836,2
2021,5,18,14,48,6.949,2
2021,5,18,14,53,21.22,2
2021,5,18,15,2,30.879,2
2021,5,18,15,7,50.265,2
2021,5,18,15,12,44.55,2
2021,5,18,15,17,55.46,2
2021,5,18,15,22,22.571,2
2021,5,18,15,27,35.192,2
2021,5,18,15,32,38.05,2
2021,5,18,15,37,5.941,2
2021,5,18,15,44,0.975,2
2021,5,18,15,48,39.022,2
2021,5,18,15,53,55.239,2
2021,5,18,16,2,47.777,2
2021,5,18,16,8,2.482,2
2021,5,18,16,12,13.906,2
2021,5,18,16,18,2.406,2
2021,5,18,16,23,11.978,2
2021,5,18,16,28,4.382,2
2021,5,18,16,33,6.547,2
2021,5,18,16,38,7.41,2
2021,5,18,16,42,53.483,2
2021,5,18,16,48,19.569,2
2021,5,18,16,52,33.625,2
2021,5,18,17,2,44.416,2
2021,5,18,17,7,12.051,2
2021,5,18,17,13,34.066,2
2021,5,19,9,39,10.344,0
2021,5,19,9,45,37.603,0
2021,5,19,10,2,20.506,2
2021,5,19,10,6,0.507,2
2021,5,19,10,13,0.221,0
2021,5,19,10,22,47.161,0
2021,5,19,10,27,52.477,0
2021,5,19,10,42,9.691,0
2021,5,19,10,54,37.131,2
2021,5,19,11,49,59.938,2
2021,5,19,14,28,1.196,0
2021,5,19,15,33,13.298,0
2021,5,20,8,28,56.145,0
2021,5,20,8,35,3.485,0
2021,5,20,8,41,3.601,0
2021,5,20,8,45,39.95,0
2021,5,20,8,50,36.845,0
2021,5,20,8,54,49.599,0
2021,5,20,9,1,28.734,0
2021,5,20,9,5,46.678,0
2021,5,20,9,13,23.296,0
2021,5,20,9,27,4.948,0
2021,5,20,9,32,16.475,0
2021,5,20,9,35,4.872,0
2021,5,20,9,40,46.42,0
2021,5,20,10,3,13.018,0
2021,5,20,10,16,6.045,0
2021,5,20,10,26,41.758,0
2021,5,20,10,37,3.933,0
2021,5,20,10,41,57.024,0
2021,5,20,10,47,44.42,0
2021,5,20,10,52,43.902,0
2021,5,20,11,27,29.009,0
2021,5,20,11,32,13.844,0
2021,5,20,11,37,36.09,0
2021,5,20,11,48,1.912,0
2021,5,20,12,7,30.531,0
2021,5,20,12,12,15.864,0
2021,5,20,12,17,56.022,0
2021,5,20,12,22,46.747,0
2021,5,20,12,46,53.788,0
2021,5,20,12,52,17.939,0
2021,5,20,13,5,31.886,0
2021,5,20,13,10,41.337,0
2021,5,20,13,16,25.438,0
2021,5,20,13,26,6.163,0
2021,5,20,13,30,54.533,0
2021,5,20,13,36,44.727,0
2021,5,20,13,41,4.298,0
2021,5,20,13,46,5.478,0
2021,5,20,14,7,20.177,0
2021,5,20,14,13,45.424,0
2021,5,20,14,18,30.627,0
2021,5,20,14,22,55.576,0
2021,5,20,14,28,56.844,0
2021,5,20,14,34,4.631,0
2021,5,20,14,38,27.155,0
2021,5,20,14,44,9.385,0
2021,5,20,14,49,3.337,0
2021,5,20,15,8,12.938,0
2021,5,20,15,13,31.788,0
2021,5,20,15,18,6.705,0
2021,5,20,15,23,34.38,0
2021,5,20,15,28,47.446,0
2021,5,20,15,34,7.481,0
2021,5,20,15,38,54.932,0
2021,5,20,15,44,22.001,0
2021,5,20,16,2,31.283,0
2021,5,20,16,7,54.365,0
2021,5,20,16,12,46.999,0
2021,5,20,16,17,40,0
2021,5,20,16,23,8.619,0
2021,5,20,16,28,22.96,0
2021,5,20,16,33,16.892,0
2021,5,20,17,8,3.528,0
2021,5,20,17,13,40.2,0
2021,5,20,17,18,57.942,0
2021,5,21,9,8,38.17,0
2021,5,21,9,12,39.482,0
2021,5,21,9,18,15.864,0
2021,5,21,9,32,36.429,0
2021,5,21,9,38,18.735,0
2021,5,21,9,43,17.615,0
2021,5,21,9,48,3.352,0
2021,5,21,9,52,50.85,0
2021,5,21,10,2,37.48,0
2021,5,21,10,7,35.087,0
2021,5,21,10,12,42.388,0
2021,5,21,12,37,19.554,2
2021,5,21,12,43,18.918,2
2021,5,21,12,48,9.497,2
2021,5,21,12,53,42.194,2
2021,5,21,13,2,27.924,2
2021,5,21,13,7,34.055,2
2021,5,21,13,12,1.87,2
2021,5,21,13,18,3.817,2
2021,5,21,13,23,18.397,2
2021,5,21,13,28,53.906,2
2021,5,21,13,33,36.646,2
2021,5,21,13,38,9.158,2
2021,5,21,13,44,1.347,2
2021,5,21,13,48,17.86,2
2021,5,21,13,53,24.202,0
2021,5,21,14,18,6.296,0
2021,5,21,14,28,18.768,2
2021,5,21,14,34,29.365,2
2021,5,21,14,54,23.725,2
2021,5,21,15,2,29.58,0
2021,5,21,15,7,36.178,0
2021,5,21,15,13,9.273,0
2021,5,21,15,17,52.684,2
2021,5,21,15,22,57.331,2
2021,5,21,15,28,1.513,0
2021,5,21,15,33,29.234,0
2021,5,21,15,37,18.61,2
2021,5,21,15,43,12.486,2
2021,5,21,15,48,25.788,2
2021,5,21,15,53,44.959,2
2021,5,21,16,2,37.671,2
2021,5,21,16,7,29.24,2
2021,5,21,16,33,33.463,0
2021,5,21,16,38,32.206,0
2021,5,21,16,43,41.669,2
2021,5,21,16,49,5.987,2
2021,5,21,16,54,25.563,0
2021,5,21,17,3,1.942,2
2021,5,21,17,7,39.365,0
2021,5,21,17,12,51.112,2
2021,5,21,17,17,48.641,2
2021,5,22,8,27,36.553,2
2021,5,22,8,32,37.968,2
2021,5,22,8,38,9.83,2
2021,5,22,8,43,18.531,2
2021,5,22,8,48,24.987,2
2021,5,22,8,53,17.413,2
2021,5,22,9,2,35.343,2
2021,5,22,9,7,45.225,2
2021,5,22,9,12,45.746,2
2021,5,22,9,17,48.07,2
2021,5,22,9,22,47.984,2
2021,5,22,9,27,42.418,2
2021,5,22,9,33,3.008,2
2021,5,22,9,38,8.585,2
2021,5,22,9,42,56.867,2
2021,5,22,9,53,3.463,2
2021,5,22,10,2,38.266,0
2021,5,22,10,8,50.733,2
2021,5,22,10,13,29.965,2
2021,5,22,10,18,35.802,2
2021,5,22,10,23,39.471,0
2021,5,22,10,28,47.669,0
2021,5,22,10,33,48.679,0
2021,5,22,10,39,8.528,0
2021,5,22,10,43,28.557,0
2021,5,22,11,2,33.535,0
2021,5,22,11,12,50.348,0
2021,5,22,11,17,41.738,0
2021,5,22,11,22,58.578,0
2021,5,22,11,27,51.751,0
2021,5,22,11,33,8.553,0
2021,5,22,11,38,1.446,0
2021,5,22,11,43,6.996,0
2021,5,22,11,48,22.65,0
2021,5,22,11,53,12.425,0
2021,5,22,12,2,40.758,0
2021,5,22,12,7,42.941,0
2021,5,22,12,12,32.897,0
2021,5,22,12,17,55.139,0
2021,5,22,12,22,52.203,0
2021,5,22,12,27,44.789,0
2021,5,22,12,33,23.72,2
2021,5,22,12,36,28.027,2
2021,5,22,12,43,50.514,2
2021,5,22,12,48,56.921,2
2021,5,22,12,54,24.631,2
2021,5,22,13,3,45.067,2
2021,5,22,13,8,57.12,2
2021,5,22,13,14,11.976,2
2021,5,22,13,18,57.332,2
2021,5,22,13,24,7.874,2
2021,5,22,13,29,17.698,2
2021,5,22,13,33,55.702,2
2021,5,22,13,38,57.529,2
2021,5,22,13,44,17.301,2
2021,5,22,13,49,35.54,2
2021,5,22,13,54,11.863,2
2021,5,22,14,2,26.648,2
2021,5,22,14,8,7.847,2
2021,5,22,14,12,55.906,2
2021,5,22,14,16,42.702,2
2021,5,22,14,23,27.658,2
2021,5,22,14,28,1.335,2
2021,5,22,14,44,45.931,2
2021,5,22,14,51,1.853,2
2021,5,22,14,55,46.787,2
2021,5,22,15,3,13.91,2
2021,5,22,15,8,48.752,2
2021,5,22,15,13,7.145,2
2021,5,22,15,17,58.974,2
2021,5,22,15,21,6.491,2
2021,5,22,15,30,16.791,2
2021,5,22,15,35,23.854,2
2021,5,22,15,40,47.687,2
2021,5,22,15,45,56.52,2
2021,5,22,15,51,16.158,2
2021,5,22,15,55,43.396,2
2021,5,22,16,2,28.401,0
2021,5,22,16,25,16.553,0
2021,5,22,16,30,34.085,0
2021,5,22,16,56,8.446,0
2021,5,24,8,28,59.438,0
2021,5,24,8,34,19.307,0
2021,5,24,8,39,20.612,0
2021,5,24,8,44,38.301,0
2021,5,24,8,50,12.694,0
2021,5,24,8,54,49.357,0
2021,5,24,9,2,30.49,0
2021,5,24,9,23,41.067,0
2021,5,24,9,28,26.799,0
2021,5,24,9,38,34.04,0
2021,5,24,9,48,58.725,0
2021,5,24,9,54,2.936,0
2021,5,24,10,2,39.224,0
2021,5,24,10,8,8.374,0
2021,5,24,10,13,6.481,0
2021,5,24,10,17,55.772,0
2021,5,24,10,22,26.931,0
2021,5,24,10,28,25.662,0
2021,5,24,10,33,5.981,0
2021,5,24,10,38,7.9,0
2021,5,24,10,43,17.18,0
2021,5,24,10,48,18.611,0
2021,5,24,10,53,18.369,0
2021,5,24,11,3,1.455,0
2021,5,24,11,8,27.896,0
2021,5,24,11,12,52.552,0
2021,5,24,11,18,21.203,0
2021,5,24,11,23,9.336,0
2021,5,24,12,3,1.096,0
2021,5,24,12,7,10.556,0
2021,5,24,12,12,39.348,0
2021,5,24,12,17,51.371,0
2021,5,24,12,22,50.975,2
2021,5,24,12,28,0.577,0
2021,5,24,12,33,14.134,0
2021,5,24,12,37,55.355,0
2021,5,24,12,43,3.497,0
2021,5,24,12,47,46.318,0
2021,5,24,12,53,12.624,0
2021,5,24,13,2,27.604,0
2021,5,24,13,7,15.704,0
2021,5,24,13,12,59.667,0
2021,5,24,13,18,27.371,0
2021,5,24,13,23,28.1,0
2021,5,24,13,29,4.93,0
2021,5,24,13,34,5.115,0
2021,5,24,13,38,54.589,0
2021,5,24,13,44,9.782,0
2021,5,24,13,49,33.021,0
2021,5,24,13,54,2.716,0
2021,5,24,14,2,56.481,0
2021,5,24,14,7,47.916,0
2021,5,24,14,13,5.156,0
2021,5,24,14,18,32.519,0
2021,5,24,14,23,10.035,0
2021,5,24,14,28,12.746,0
2021,5,24,14,32,8.727,0
2021,5,24,14,45,44.305,2
2021,5,24,14,51,20.102,0
2021,5,24,14,55,29.409,0
2021,5,24,15,2,44.323,0
2021,5,24,15,7,42.963,0
2021,5,24,15,12,35.502,0
2021,5,24,15,18,3.356,0
2021,5,24,15,23,19.718,0
2021,5,24,15,28,15.089,0
2021,5,24,16,44,8.353,0
2021,5,24,16,54,25.318,0
2021,5,24,17,2,44.116,2
2021,5,24,17,7,26.159,2
2021,5,24,17,14,17.053,0
2021,5,24,17,19,40.462,0
2021,5,24,17,24,9.923,0
2021,5,25,8,26,20.341,2
2021,5,25,8,31,36.877,2
2021,5,25,8,37,27.812,2
2021,5,25,8,42,31.437,2
2021,5,25,8,47,30.751,2
2021,5,25,8,53,12,2
2021,5,25,9,8,32.585,0
2021,5,25,9,12,49.884,2
2021,5,25,9,19,3.672,2
2021,5,25,9,23,50.887,2
2021,5,25,9,37,58.022,2
2021,5,25,9,41,15.812,2
2021,5,25,9,51,41.393,2
2021,5,25,9,56,37.128,2
2021,5,25,10,2,36.394,2
2021,5,25,10,7,20.025,2
2021,5,25,10,16,27.341,2
2021,5,25,10,20,58.722,2
2021,5,25,10,25,51.987,2
2021,5,25,10,30,57.3,2
2021,5,25,10,36,7.554,2
2021,5,25,10,41,5.787,2
2021,5,25,10,46,16.521,2
2021,5,25,10,51,45.002,2
2021,5,25,10,56,20.465,2
2021,5,25,11,2,30.737,2
2021,5,25,11,7,41.105,2
2021,5,25,11,12,28.963,2
2021,5,25,11,17,28.449,2
2021,5,25,11,22,36.337,2
2021,5,25,11,27,41.153,2
2021,5,25,11,32,54.616,2
2021,5,25,11,37,48.917,2
2021,5,25,11,43,9.878,2
2021,5,25,11,47,48.339,2
2021,5,25,11,53,29.752,2
2021,5,25,12,2,47.951,0
2021,5,25,13,29,28.247,2
2021,5,25,13,34,37.826,2
2021,5,25,13,49,36.448,2
2021,5,25,14,12,33.107,2
2021,5,25,14,17,41.028,2
2021,5,25,14,23,0.554,2
2021,5,25,14,28,8.208,2
2021,5,25,14,33,22.927,2
2021,5,25,14,43,27.65,2
2021,5,25,14,53,54.331,2
2021,5,25,15,7,34.573,2
2021,5,25,15,32,58.809,0
2021,5,25,15,43,16.447,0
2021,5,25,15,53,36.122,2
2021,5,25,16,2,40.42,2
2021,5,25,16,31,38.537,0
2021,5,25,16,36,55.618,2
2021,5,25,16,41,48.237,0
2021,5,25,16,47,11.9,2
2021,5,25,16,51,58.522,2
2021,5,25,16,56,58.747,2
2021,5,25,17,2,41.817,2
2021,5,25,17,6,50.711,2
2021,5,27,9,7,38.906,0
2021,5,27,9,43,31.658,0
2021,5,27,9,48,25.613,2
2021,5,27,9,53,31.843,2
2021,5,27,10,2,40.863,2
2021,5,27,10,7,42.335,2
2021,5,27,10,12,49.781,2
2021,5,27,10,17,50.926,2
2021,5,27,10,22,51.867,2
2021,5,27,10,27,55.293,2
2021,5,27,10,32,53.742,2
2021,5,27,10,38,21.445,2
2021,5,27,10,43,25.483,2
2021,5,27,10,48,25.981,2
2021,5,27,10,53,26.466,2
2021,5,27,11,2,45.72,2
2021,5,27,11,7,33.91,2
2021,5,27,11,12,57.707,2
2021,5,27,11,17,55.836,2
2021,5,27,11,22,52.565,2
2021,5,27,11,27,59.258,2
2021,5,27,11,33,5.554,2
2021,5,27,11,37,55.032,2
2021,5,27,11,43,21.244,2
2021,5,27,11,48,6.258,2
2021,5,27,11,53,26.185,2
2021,5,27,12,2,37.758,2
2021,5,27,12,7,38.255,2
2021,5,27,12,12,38.645,2
2021,5,27,12,17,44.977,2
2021,5,27,12,22,52.273,2
2021,5,27,12,27,50.622,2
2021,5,27,12,32,52.36,2
2021,5,27,12,38,2.113,2
2021,5,27,12,43,2.412,2
2021,5,27,12,47,59.734,2
2021,5,27,12,53,5.957,2
2021,5,27,13,2,34.225,2
2021,5,27,13,7,33.092,2
2021,5,27,13,12,29.384,2
2021,5,27,13,17,14.207,2
2021,5,27,13,22,47.794,2
2021,5,27,13,32,36.518,2
2021,5,27,13,37,48.111,2
2021,5,27,13,42,47.188,2
2021,5,27,13,48,13.155,2
2021,5,27,13,53,18.351,2
2021,5,27,14,2,39.858,2
2021,5,27,14,6,37.85,2
2021,5,27,14,12,53.595,2
2021,5,27,14,18,9.666,2
2021,5,27,14,28,26.323,2
2021,5,27,14,33,17.453,2
2021,5,27,14,38,46.583,2
2021,5,27,14,43,46.632,0
2021,5,27,14,48,53.175,2
2021,5,27,14,53,49.661,2
2021,5,27,15,3,44.839,2
2021,5,27,15,8,15.351,2
2021,5,27,15,13,32.571,2
2021,5,27,15,18,39.207,2
2021,5,27,15,24,2.053,2
2021,5,27,15,28,24.755,2
2021,5,27,15,35,10.74,2
2021,5,27,15,39,20.9,2
2021,5,27,15,50,39.456,2
2021,5,27,15,55,28.218,2
2021,5,27,16,7,48.713,2
2021,5,27,16,13,8.178,2
2021,5,27,16,22,52.907,2
2021,5,27,16,28,2.874,2
2021,5,27,16,33,4.436,0
2021,5,27,16,42,49.642,2
2021,5,27,16,49,10.297,2
2021,5,27,16,54,11.306,2
2021,5,27,17,2,35.835,2
2021,5,27,17,13,18.101,2
2021,5,27,17,18,22.371,2
2021,5,27,17,23,10.762,2
2021,5,28,8,24,16.905,2
2021,5,28,8,29,34.418,2
2021,5,28,8,35,9.829,2
2021,5,28,8,40,6.112,2
2021,5,28,8,45,4.741,2
2021,5,28,8,48,41.781,2
2021,5,28,8,54,41.286,2
2021,5,28,9,2,46.268,2
2021,5,28,9,6,11.517,2
2021,5,28,9,15,1.327,2
2021,5,28,9,19,31.068,2
2021,5,28,9,24,17.998,2
2021,5,28,9,29,31.968,2
2021,5,28,9,34,23.04,2
2021,5,28,9,39,21.22,2
2021,5,28,9,44,41.749,2
2021,5,28,9,49,41.367,2
2021,5,28,9,54,34.563,2
2021,5,28,10,2,23.231,2
2021,5,28,10,7,52.885,2
2021,5,28,10,12,31.118,2
2021,5,28,10,20,23.742,2
2021,5,28,10,26,6.251,2
2021,5,28,10,30,50.921,2
2021,5,28,10,35,56.205,2
2021,5,28,10,41,37.557,2
2021,5,28,10,46,23.523,2
2021,5,28,10,52,4.814,2
2021,5,28,10,56,33.942,2
2021,5,28,11,3,26.269,2
2021,5,28,11,8,43.853,2
2021,5,28,11,13,6.952,2
2021,5,28,11,18,29.215,2
2021,5,28,11,23,31.483,2
2021,5,28,11,28,58.088,0
2021,5,28,11,33,38.589,0
2021,5,28,11,38,36.95,0
2021,5,28,11,44,7.268,0
2021,5,28,11,48,49.093,0
2021,5,28,11,53,44.708,0
2021,5,28,12,2,32.713,0
2021,5,28,12,7,41.521,0
2021,5,28,12,12,34.403,0
2021,5,28,12,17,32.587,0
2021,5,28,12,22,50.07,0
2021,5,28,12,27,45.07,0
2021,5,28,12,32,58.355,0
2021,5,28,12,37,45.87,0
2021,5,28,12,44,6.382,0
2021,5,28,12,49,10.216,0
2021,5,28,12,54,12.215,0
2021,5,28,13,2,35.191,0
2021,5,28,13,7,20.399,0
2021,5,28,13,12,45.58,0
2021,5,28,13,17,50.013,0
2021,5,28,13,27,52.405,0
2021,5,28,13,33,14.414,0
2021,5,28,13,37,40.492,0
2021,5,28,13,43,8.825,2
2021,5,28,13,48,11.981,2
2021,5,28,13,53,36.588,2
2021,5,28,14,3,8.645,2
2021,5,28,14,7,55.849,2
2021,5,28,14,13,22.923,2
2021,5,28,14,23,34.309,2
2021,5,28,14,28,38.595,2
2021,5,28,14,33,34.859,2
2021,5,28,14,38,41.99,2
2021,5,28,14,43,38.71,2
2021,5,28,14,48,23.345,2
2021,5,28,14,55,20.299,2
2021,5,28,15,3,4.615,2
2021,5,28,15,7,21.433,0
2021,5,28,15,13,7.657,2
2021,5,28,15,18,8.607,2
2021,5,28,15,23,8.256,2
2021,5,28,15,28,7.55,0
2021,5,28,15,33,5.834,0
2021,5,28,15,38,11.764,0
2021,5,28,15,43,22.396,0
2021,5,28,15,48,23.841,0
2021,5,28,16,15,32.607,0
2021,5,28,16,25,52.25,0
2021,5,29,10,12,24.701,0
2021,5,29,10,20,26.56,0
2021,5,29,10,30,19.267,0
2021,5,29,10,36,7.627,0
2021,5,29,10,40,13.521,0
2021,5,29,10,47,34.371,2
2021,5,29,10,52,47.758,2
2021,5,29,11,7,39.532,2
2021,5,29,11,12,32.721,2
2021,5,29,11,17,24.051,2
2021,5,29,11,22,17.751,0
2021,5,29,11,27,30.7,0
2021,5,29,11,32,22.036,0
2021,5,29,11,37,30.641,2
2021,5,29,11,42,37.368,2
2021,5,29,11,47,46.129,2
2021,5,29,11,52,59.84,2
2021,5,29,12,2,34.235,2
2021,5,29,12,7,10.878,2
2021,5,29,12,12,27.024,2
2021,5,29,12,17,2.483,2
2021,5,29,12,22,40.438,2
2021,5,29,12,27,28.3,2
2021,5,29,12,32,37.086,2
2021,5,29,12,37,53.711,2
2021,5,29,12,42,52.908,2
2021,5,30,9,3,23.765,0
2021,5,30,9,36,32.934,0
2021,5,30,10,13,46.134,0
2021,5,30,10,18,6.999,2
2021,5,30,10,23,12.693,2
2021,5,30,10,36,45.826,2
2021,5,30,15,22,15.605,2
2021,5,30,15,27,47.26,0
2021,5,30,15,32,25.254,0
2021,5,30,15,38,6.373,2
2021,5,30,15,48,7.043,0
2021,5,30,15,53,51.327,0
2021,5,30,16,4,48.566,2
2021,5,30,16,9,4.862,2
2021,5,30,16,13,44.992,2
2021,5,30,16,19,10.698,2
2021,5,30,16,24,22.726,2
2021,5,30,16,35,8.847,0
2021,5,30,16,39,38.913,0
2021,5,30,16,44,50.604,2
2021,5,30,16,50,32.548,2
2021,5,30,16,55,11.52,2
2021,5,30,17,2,19.113,2
2021,5,30,17,7,49.139,2
2021,5,31,11,6,52.761,2
2021,5,31,11,11,15.875,2
2021,5,31,11,16,20.493,2
2021,5,31,11,21,44.554,2
2021,5,31,11,26,40.832,2
2021,5,31,11,31,38.54,2
2021,5,31,11,36,45.916,2
2021,5,31,11,41,51.871,2
2021,5,31,11,46,56.181,2
2021,5,31,11,52,2.274,2
2021,5,31,11,57,2.79,2
2021,5,31,12,2,11.424,2
2021,5,31,12,7,51.293,2
2021,5,31,12,12,38.623,2
2021,5,31,12,17,29.745,2
2021,5,31,12,22,50.782,2
2021,5,31,12,27,51.408,2
2021,5,31,12,33,0.53,2
2021,5,31,12,38,8.604,2
2021,5,31,12,43,14.658,2
2021,5,31,12,48,23.874,2
2021,5,31,12,53,27.272,2
2021,5,31,13,2,29.67,2
2021,5,31,13,7,42.292,2
2021,5,31,13,12,34.472,2
2021,5,31,13,17,37.96,2
2021,5,31,13,22,45.475,2
2021,5,31,13,27,55.073,2
2021,5,31,13,32,54.344,2
2021,5,31,13,38,5.103,2
2021,5,31,13,43,8.471,2
2021,5,31,13,48,14.506,2
2021,5,31,13,53,15.969,2
2021,5,31,14,4,1.619,2
2021,5,31,14,8,55.572,2
2021,5,31,14,13,43.324,2
2021,5,31,14,19,1.853,2
2021,5,31,14,24,16.834,2
2021,5,31,14,29,9.964,2
2021,5,31,14,34,23.244,2
2021,5,31,14,39,24.922,2
2021,5,31,14,44,30.221,2
2021,5,31,14,49,39.96,2
2021,5,31,14,54,38.76,2
2021,5,31,15,2,26.044,2
2021,5,31,15,7,32.974,2
2021,5,31,15,12,38.765,2
2021,5,31,15,17,34.473,2
2021,5,31,15,22,39.831,2
2021,5,31,15,27,43.539,2
2021,5,31,15,32,47.729,2
2021,5,31,15,37,46.868,2
2021,5,31,15,45,0.728,2
2021,5,31,15,50,2.399,2
2021,5,31,15,54,57.52,2
2021,5,31,16,2,46.938,2
2021,5,31,16,7,22.065,2
2021,5,31,16,12,56.813,2
2021,5,31,16,18,14.128,2
2021,5,31,16,23,14.349,2
2021,5,31,16,28,1.872,2
2021,5,31,16,33,14.464,2
2021,5,31,16,37,53.959,2
